{"count":1,"self":50.480928,"total":213.39225259999998,"children":{"InitializeActuators":{"count":32,"self":0.0030028999999999998,"total":0.0030028999999999998,"children":null},"InitializeSensors":{"count":32,"self":0.0090026999999999989,"total":0.0090026999999999989,"children":null},"AgentSendState":{"count":19451,"self":9.9122799999999991,"total":20.680436099999998,"children":{"UpdateModelSpacePoses":{"count":124512,"self":0.6792938,"total":0.6792938,"children":null},"UpdateLocalSpacePoses":{"count":124512,"self":0.3979509,"total":0.3979509,"children":null},"CollectObservations":{"count":124512,"self":0.3288529,"total":0.3288529,"children":null},"WriteActionMask":{"count":124512,"self":0.19734089999999999,"total":0.19734089999999999,"children":null},"RequestDecision":{"count":124512,"self":0.6786554,"total":9.1647175,"children":{"AgentInfo.ToProto":{"count":124512,"self":0.69918989999999992,"total":8.4860621,"children":{"GenerateSensorData":{"count":124512,"self":7.061648,"total":7.7868721999999995,"children":{"RayPerceptionSensor.Perceive":{"count":124512,"self":0.7252244,"total":0.7252244,"children":null}}}}}}}}},"DecideAction":{"count":19451,"self":140.0554368,"total":140.05544279999998,"children":null},"AgentAct":{"count":19451,"self":2.0839998,"total":2.1377973999999997,"children":{"UpdateModelSpacePoses":{"count":530,"self":0.0039403,"total":0.0039403,"children":null},"UpdateLocalSpacePoses":{"count":530,"self":0.0009976,"total":0.0009976,"children":null},"AgentInfo.ToProto":{"count":530,"self":0.0053897,"total":0.0488597,"children":{"GenerateSensorData":{"count":530,"self":0.0374598,"total":0.043469999999999995,"children":{"RayPerceptionSensor.Perceive":{"count":530,"self":0.0060101999999999994,"total":0.0060101999999999994,"children":null}}}}}}},"UpdateModelSpacePoses":{"count":252,"self":0.0020145,"total":0.0020145,"children":null},"UpdateLocalSpacePoses":{"count":252,"self":0.0015471999999999999,"total":0.0015471999999999999,"children":null},"AgentInfo.ToProto":{"count":252,"self":0.0029023,"total":0.0200867,"children":{"GenerateSensorData":{"count":252,"self":0.015123399999999999,"total":0.0171844,"children":{"RayPerceptionSensor.Perceive":{"count":252,"self":0.002061,"total":0.002061,"children":null}}}}}},"gauges":{"SeekerBehavior.CumulativeReward":{"count":391,"max":19.9839935,"min":-0.9999907,"runningAverage":2.88026023,"value":9.952,"weightedAverage":2.613095},"HiderBehavior.CumulativeReward":{"count":391,"max":0.9999907,"min":-19.9839935,"runningAverage":-2.88026023,"value":-9.952,"weightedAverage":-2.613095}},"metadata":{"timer_format_version":"0.1.0","start_time_seconds":"1641420583","unity_version":"2020.3.1f1","command_line_arguments":"C:\\Program Files\\Unity\\Hub\\Editor\\2020.3.1f1\\Editor\\Unity.exe -projectpath C:\/Users\/David\/Desktop\/Unity projects\/Normative Environments Project\/Lab-project -useHub -hubIPC -cloudEnvironment production -hubSessionId 1afacb20-6e52-11ec-8176-d7cd0ad0f603 -accessToken gQqubdAHGunEyiKZCtCfQ2DMSxsLP4CceVGDG2gopes004f","communication_protocol_version":"1.5.0","com.unity.ml-agents_version":"2.1.0-exp.1","scene_name":"HideAndSeek","end_time_seconds":"1641420796"}}