{"count":1,"self":22.4231408,"total":23.430796299999997,"children":{"InitializeActuators":{"count":32,"self":0.0019944999999999997,"total":0.0019944999999999997,"children":null},"InitializeSensors":{"count":32,"self":0.0040298999999999995,"total":0.0040298999999999995,"children":null},"AgentSendState":{"count":867,"self":0.32409699999999997,"total":0.37199859999999996,"children":{"CollectObservations":{"count":5568,"self":0.0099563999999999989,"total":0.0099563999999999989,"children":null},"WriteActionMask":{"count":5568,"self":0.0049999,"total":0.0049999,"children":null},"RequestDecision":{"count":5568,"self":0.0329453,"total":0.0329453,"children":null}}},"DecideAction":{"count":867,"self":0.47011359999999996,"total":0.5080785,"children":{"RayPerceptionSensor.Perceive":{"count":11136,"self":0.037964899999999996,"total":0.037964899999999996,"children":null}}},"AgentAct":{"count":867,"self":0.1185653,"total":0.1185653,"children":null}},"gauges":{"PushBlock.CumulativeReward":{"count":305,"max":4.9958,"min":4.91119957,"runningAverage":4.98374844,"value":4.9864,"weightedAverage":4.98695374}},"metadata":{"timer_format_version":"0.1.0","start_time_seconds":"1636053942","unity_version":"2020.3.1f1","command_line_arguments":"C:\\Program Files\\Unity\\Hub\\Editor\\2020.3.1f1\\Editor\\Unity.exe -projectpath C:\/Users\/David\/Desktop\/Unity projects\/Normative Environments Project\/Lab-project -useHub -hubIPC -cloudEnvironment production -hubSessionId bb121210-3da3-11ec-858c-b3e8c8235481","communication_protocol_version":"1.5.0","com.unity.ml-agents_version":"2.1.0-exp.1","scene_name":"PushBlock","end_time_seconds":"1636053965"}}