{"count":1,"self":49.1293632,"total":219.69099079999998,"children":{"InitializeActuators":{"count":32,"self":0.0019947,"total":0.0019947,"children":null},"InitializeSensors":{"count":32,"self":0.0019947999999999997,"total":0.0019947999999999997,"children":null},"AgentSendState":{"count":29084,"self":1.5324814999999998,"total":7.2041521999999993,"children":{"CollectObservations":{"count":186144,"self":0.61347049999999992,"total":0.61347049999999992,"children":null},"WriteActionMask":{"count":186144,"self":0.2988753,"total":0.2988753,"children":null},"RequestDecision":{"count":186144,"self":1.0511029,"total":4.7593249,"children":{"AgentInfo.ToProto":{"count":186144,"self":1.0097722999999998,"total":3.7082219999999997,"children":{"GenerateSensorData":{"count":186144,"self":2.6984496,"total":2.6984497,"children":null}}}}}}},"DecideAction":{"count":29084,"self":161.1635072,"total":161.1635126,"children":null},"AgentAct":{"count":29084,"self":1.8684437999999999,"total":1.8824138,"children":{"AgentInfo.ToProto":{"count":319,"self":0.0029928,"total":0.01397,"children":{"GenerateSensorData":{"count":319,"self":0.0109772,"total":0.0109772,"children":null}}}}},"AgentInfo.ToProto":{"count":7153,"self":0.0838314,"total":0.3065632,"children":{"GenerateSensorData":{"count":7153,"self":0.22273179999999998,"total":0.22273179999999998,"children":null}}}},"gauges":{"MoveToGoal.CumulativeReward":{"count":7472,"max":99.998,"min":-10.9939947,"runningAverage":94.76657,"value":99.92,"weightedAverage":99.86726}},"metadata":{"timer_format_version":"0.1.0","start_time_seconds":"1638558177","unity_version":"2020.3.1f1","command_line_arguments":"C:\\Program Files\\Unity\\Hub\\Editor\\2020.3.1f1\\Editor\\Unity.exe -projectpath C:\/Users\/David\/Desktop\/Unity projects\/Normative Environments Project\/Lab-project -useHub -hubIPC -cloudEnvironment production -hubSessionId c5085ab0-5462-11ec-a1a5-97485a2ec81d","communication_protocol_version":"1.5.0","com.unity.ml-agents_version":"2.1.0-exp.1","scene_name":"SampleScene","end_time_seconds":"1638558397"}}