{"count":1,"self":30.450995199999998,"total":34.087075999999996,"children":{"InitializeActuators":{"count":8,"self":0.0020005,"total":0.0020005,"children":null},"InitializeSensors":{"count":8,"self":0.0099814999999999991,"total":0.0099814999999999991,"children":null},"AgentSendState":{"count":810,"self":0.027997499999999998,"total":0.098476799999999989,"children":{"UpdateLocalSpacePoses":{"count":1296,"self":0.0119311,"total":0.0119311,"children":null},"CollectObservations":{"count":1296,"self":0.034618699999999995,"total":0.034618699999999995,"children":null},"WriteActionMask":{"count":1296,"self":0.0039765999999999994,"total":0.0039765999999999994,"children":null},"RequestDecision":{"count":1296,"self":0.0199529,"total":0.0199529,"children":null}}},"DecideAction":{"count":810,"self":3.4846112,"total":3.4846111,"children":null},"AgentAct":{"count":810,"self":0.041011399999999996,"total":0.041011399999999996,"children":null},"UpdateLocalSpacePoses":{"count":5,"self":0,"total":0,"children":null}},"gauges":{"Sorter.CumulativeReward":{"count":5,"max":6.84103966,"min":1.96420264,"runningAverage":3.7116127,"value":6.84103966,"weightedAverage":3.65825081}},"metadata":{"timer_format_version":"0.1.0","start_time_seconds":"1635712063","unity_version":"2020.3.1f1","command_line_arguments":"C:\\Program Files\\Unity\\Hub\\Editor\\2020.3.1f1\\Editor\\Unity.exe -projectpath C:\/Users\/David\/Desktop\/Unity projects\/Normative Environments Project\/Lab-project -useHub -hubIPC -cloudEnvironment production -hubSessionId dd34d010-3a85-11ec-baa7-239614a66d2a","communication_protocol_version":"1.5.0","com.unity.ml-agents_version":"2.1.0-exp.1","scene_name":"Startup","end_time_seconds":"1635712097"}}